# lat,lon,alt,name,status,utm_zone,easting,northing,rtk_status,h_acc_m
35.8885779,128.606497,66.894,wp001,2,52S,464484.60,3971661.72,FIXED,0.014
35.8885808,128.6065212,66.866,wp002,2,52S,464486.79,3971662.04,FIXED,0.014
35.888584,128.60654599999998,66.886,wp003,2,52S,464489.03,3971662.38,FIXED,0.014
35.888587699999995,128.6065769,66.919,wp004,2,52S,464491.82,3971662.78,FIXED,0.014
35.888591,128.606603,66.928,wp005_obstacle,2,52S,464494.17,3971663.14,FIXED,0.014
35.888593799999995,128.6066218,66.898,wp006_obstacle,2,52S,464495.87,3971663.44,FIXED,0.014
35.8886016,128.6066763,66.9,wp007_obstacle,2,52S,464500.79,3971664.29,FIXED,0.014
35.8886075,128.6067383,66.873,wp008_obstacle,2,52S,464506.39,3971664.92,FIXED,0.014
35.8886104,128.6067601,66.883,wp009,2,52S,464508.36,3971665.23,FIXED,0.014
